-- MySQL dump 10.13  Distrib 5.7.23, for macos10.13 (x86_64)
--
-- Host: 127.0.0.1    Database: yumi-test-fullstack
-- ------------------------------------------------------
-- Server version	5.7.23

/*!40101 SET @OLD_CHARACTER_SET_CLIENT=@@CHARACTER_SET_CLIENT */;
/*!40101 SET @OLD_CHARACTER_SET_RESULTS=@@CHARACTER_SET_RESULTS */;
/*!40101 SET @OLD_COLLATION_CONNECTION=@@COLLATION_CONNECTION */;
/*!40101 SET NAMES utf8 */;
/*!40103 SET @OLD_TIME_ZONE=@@TIME_ZONE */;
/*!40103 SET TIME_ZONE='+00:00' */;
/*!40014 SET @OLD_UNIQUE_CHECKS=@@UNIQUE_CHECKS, UNIQUE_CHECKS=0 */;
/*!40014 SET @OLD_FOREIGN_KEY_CHECKS=@@FOREIGN_KEY_CHECKS, FOREIGN_KEY_CHECKS=0 */;
/*!40101 SET @OLD_SQL_MODE=@@SQL_MODE, SQL_MODE='NO_AUTO_VALUE_ON_ZERO' */;
/*!40111 SET @OLD_SQL_NOTES=@@SQL_NOTES, SQL_NOTES=0 */;

--
-- Table structure for table `ingredient_meal`
--

DROP TABLE IF EXISTS `ingredient_meal`;
/*!40101 SET @saved_cs_client     = @@character_set_client */;
/*!40101 SET character_set_client = utf8 */;
CREATE TABLE `ingredient_meal` (
  `id` int(10) unsigned NOT NULL AUTO_INCREMENT,
  `ingredient_id` int(10) unsigned NOT NULL,
  `meal_id` int(10) unsigned NOT NULL,
  `prepped_ingredient_amount` double NOT NULL DEFAULT '0',
  PRIMARY KEY (`id`),
  KEY `ingredient_meal_ingredient_id_foreign` (`ingredient_id`),
  KEY `ingredient_meal_meal_id_foreign` (`meal_id`),
  CONSTRAINT `ingredient_meal_ingredient_id_foreign` FOREIGN KEY (`ingredient_id`) REFERENCES `ingredients` (`id`) ON DELETE CASCADE ON UPDATE CASCADE,
  CONSTRAINT `ingredient_meal_meal_id_foreign` FOREIGN KEY (`meal_id`) REFERENCES `meals` (`id`) ON DELETE CASCADE ON UPDATE CASCADE
) ENGINE=InnoDB AUTO_INCREMENT=4862 DEFAULT CHARSET=utf8mb4 COLLATE=utf8mb4_unicode_ci;
/*!40101 SET character_set_client = @saved_cs_client */;

--
-- Dumping data for table `ingredient_meal`
--

LOCK TABLES `ingredient_meal` WRITE;
/*!40000 ALTER TABLE `ingredient_meal` DISABLE KEYS */;
INSERT INTO `ingredient_meal` VALUES (1,11,59,0.2079271669227559),(2,9,59,0.20081572356788377),(3,46,59,0.30843940566300676),(4,52,59,0.2787748517376363),(5,33,59,0.004042852108717268),(17,52,26,0.28526697429136455),(19,19,26,0.2556443638760712),(20,39,26,0.00218358602504944),(29,26,55,0.18097197726827355),(30,44,55,0.18645894571820498),(32,33,55,0.18645894571820498),(33,40,55,0.06339408191260043),(34,24,55,0.18645894571820498),(40,10,30,0.020482147525018167),(41,4,30,0.013110597916835266),(42,22,30,0.002743260726562849),(44,25,30,0.3622883550624261),(45,16,30,0.00022323050776602702),(46,24,30,0.004539020324575883),(71,47,36,0.20571355694426732),(72,26,36,0.19971942354291544),(73,27,36,0.17000382604259662),(74,11,36,0.21884963652595332),(75,54,36,0.20571355694426732),(76,44,52,0.003829518610783583),(77,8,52,0.43562608258300606),(78,4,52,0.036856649954739085),(79,14,52,0.02316982369059574),(80,22,52,0.007711883239411876),(81,43,52,0.29737824205453994),(82,17,52,0.12254459554507466),(83,41,42,0.20950810876983605),(84,17,42,0.05947460071409331),(85,40,42,0.043833189328108334),(86,14,42,0.013934723067936122),(87,4,42,0.02216621141314969),(88,22,42,0.0046380567547037515),(91,35,40,0.12355011084011147),(92,17,40,0.044756768328767474),(93,7,40,0.04833934903894012),(94,40,40,0.03214196398668254),(95,14,40,0.010218041942177025),(96,4,40,0.016254020751936837),(97,22,40,0.0034009903331921492),(100,8,13,0.4869831018791096),(101,17,13,0.14339021645824238),(102,40,13,0.07729394309086009),(103,14,13,0.024572012858513848),(104,4,13,0.03908713716182391),(105,22,13,0.008178590249657343),(119,46,9,0.2694808835071196),(121,42,9,0.2508128713981388),(122,26,32,0.15795111500632972),(123,36,32,0.18921024442496837),(124,40,32,0.05531210439185899),(125,51,32,0.12328366929593924),(127,29,7,0.18780777721175074),(128,15,7,0.0857530989981321),(129,50,7,0.18780777721175074),(150,46,54,0.1405632402858875),(157,46,63,0.1927949607190884),(158,6,63,0.15761908132210348),(159,51,63,0.1373062495576474),(160,27,63,0.14976289900205253),(161,47,63,0.18125840469955412),(162,20,63,0.18125840469955412),(165,1,21,0.0012073755406815227),(166,2,21,0.0024147510813630453),(167,3,22,0.00044121218456222023),(168,4,22,0.0008824243691244405),(170,1,23,0.000353743942008608),(171,2,23,0.000353743942008608),(172,3,23,0.000353743942008608),(176,3,24,0.007741979114906385),(178,15,2,0.2272028615050024),(180,38,45,0.4609794628751974),(181,46,58,1),(182,51,6,0.45649003403014105),(261,55,9,0.23522816459244308),(281,13,9,0.15831371229958513),(301,40,9,0.0861643682027133),(321,36,41,0.46624487241882784),(341,5,7,0.21582611648836816),(361,53,3,0.24480322906155397),(381,40,7,0.06384785192732212),(401,53,7,0.07114960095092546),(421,58,7,0.18780777721175074),(521,40,52,0.07288320432184914),(721,5,6,0.543509965969859),(741,55,3,0.7551967709384461),(761,25,31,0.41565862015908606),(781,27,33,0.3018338395294299),(801,26,11,0.18226805838566143),(821,11,18,0.4799381864341299),(841,45,53,1),(861,46,14,0.734008987474902),(881,43,51,0.33819064966605955),(901,34,15,0.5794273208097757),(921,52,16,1),(941,28,17,0.8762229778328149),(961,9,14,0.265991012525098),(981,6,18,0.5200618135658701),(1021,11,19,0.533627884143348),(1041,51,20,0.37096746775049505),(1061,61,29,0.7337985088893136),(1101,55,22,0.4953047983895484),(1141,46,40,0.08024345745790075),(1161,16,40,0.0002502708387442729),(1301,55,26,0.2516067897165458),(1321,51,26,0.20529828609096903),(1441,45,54,0.06062553667982625),(1461,11,54,0.1405632402858875),(1481,55,54,0.12266892865297102),(1501,23,54,0.13210500008781495),(1781,57,28,0.11629526931840212),(1801,61,28,0.23629492768417568),(1821,17,28,0.03971061650909842),(1841,37,28,0.11497313873068471),(1861,14,28,0.007843366558820498),(1881,4,28,0.012476582454206873),(1901,40,28,0.024672163893491195),(1921,22,28,0.0026105993689577423),(1961,52,55,0.19625710366451107),(2021,57,22,0.49715788956470974),(2221,63,23,0.5431384485600167),(2381,55,4,0.6153866806798529),(2401,51,4,0.03130396893710403),(2421,16,4,0.0004231875244752615),(2441,32,4,0.0001813660819179692),(2481,17,4,0.1485239221393796),(2644,22,4,0.0028718548738873666),(2647,66,44,0.19783272313814507),(2648,11,44,0.08229435454819649),(2649,47,44,0.25692561446512346),(2650,70,44,0.00017838838876298025),(2651,69,44,0.04236724233120782),(2652,68,44,0.0009811361381963913),(2653,60,44,0.0008027477494334111),(2654,65,44,0.023095694777042857),(2655,33,44,0.0024528403454909782),(2656,13,28,0.44512333548216276),(2657,35,38,0.6100467165318405),(2660,64,57,0.4656859501976004),(2661,56,57,0.0029936953941274314),(2662,51,57,0.020116725868113874),(2663,17,57,0.17316612457500144),(2664,61,57,0.33803750396515675),(2665,8,12,1),(2666,64,30,0.5966133879368157),(2668,63,13,0.2204949983017929),(2670,43,29,0.2662014911106863),(2671,41,47,0.5477030037259387),(2674,61,27,0.6689030234381806),(2675,61,4,0.20130901976338295),(2682,54,65,1),(2684,72,33,0.3638460651262927),(2697,67,44,0.0016500925960575672),(2698,31,19,0.0736377025036819),(2699,67,19,0.03681885125184095),(2704,43,19,0.06136475208640158),(2705,73,19,0.05522827687776142),(2706,70,19,0.04909180166912126),(2707,59,19,0.04295532646048111),(2708,21,19,0.03681885125184095),(2709,74,19,0.03068237604320079),(2710,11,19,0.06750122729504174),(2713,75,19,0.012272950417280316),(2714,81,8,0.4444444444444444),(2715,82,8,0.3333333333333333),(2716,83,8,0.2222222222222222),(2717,69,43,0.09596271163205156),(2718,53,43,0.08910823222976216),(2719,76,43,0.08225375282747276),(2720,77,43,0.07539927342518336),(2721,78,43,0.06854479402289397),(2722,70,43,0.06169031462060457),(2723,67,43,0.05483583521831517),(2724,79,43,0.04798135581602578),(2726,74,43,0.034272397011446985),(2727,62,43,0.027417917609157585),(2728,75,43,0.02056343820686819),(2729,4,27,0.060991548314019345),(2730,43,27,0.05663500914873225),(2731,6,27,0.05227846998344515),(2732,70,27,0.04792193081815806),(2733,80,27,0.04356539165287096),(2734,46,27,0.039208852487583865),(2736,75,27,0.030495774157009672),(2787,30,34,0.5419428613928581),(2807,46,50,0.21372981763271),(2808,17,50,0.12817981182483448),(2809,36,50,0.6574515042397492),(2810,16,50,0.000406551283540481),(2811,32,50,0.0002323150191659891),(2823,66,43,0.09253547193090686),(2824,46,61,0.2),(2825,6,61,0.18666666666666668),(2826,40,61,0.17333333333333334),(2827,86,61,0.16),(2828,18,61,0.14666666666666667),(2835,75,61,0.13333333333333333),(2836,46,49,0.08130570946759817),(2837,6,49,0.07588532883642496),(2838,40,49,0.07046494820525175),(2839,86,49,0.06504456757407853),(2840,18,49,0.059624186942905326),(2841,75,49,0.05420380631173211),(2848,26,32,0.4742428668809037),(2856,8,34,0.45805713860714187),(2857,84,22,0.0019300620497035004),(2858,12,22,0.004283613442351652),(2862,11,33,0.33432009534427737),(2863,36,35,0.6714638394581967),(2865,53,15,0.1580339230348349),(2866,9,15,0.09875980302753966),(2867,69,15,0.052662775852635416),(2868,85,15,0.052662775852635416),(2869,22,15,0.03159766551158125),(2870,24,15,0.01582163049425497),(2871,29,15,0.00788801750866314),(2872,88,15,0.003146087908079518),(2882,35,31,0.5843413798409138),(2890,12,23,0.19523918073111987),(2891,69,23,0.07764174178600362),(2892,89,23,0.00006367390956154944),(2893,76,23,0.00020163404694490658),(2894,70,23,0.0076090321926051575),(2895,17,23,0.09507575929365357),(2896,90,23,0.026641774142256144),(2897,61,23,0.05115553570788011),(2898,33,23,0.0021719878039328532),(2917,17,24,0.23641652156234383),(2918,61,24,0.191358313923403),(2919,61,24,0.4694953981143958),(2920,16,24,0.0015164701359094983),(2921,23,24,0.0003990710883972364),(2922,32,24,0.0003990710883972364),(2923,49,24,0.003990710883972364),(2924,51,24,0.08868246408827475),(2933,30,35,0.17792890586299065),(2934,17,35,0.05612220131469121),(2935,22,35,0.004698743346260163),(2936,4,35,0.022590112241635398),(2937,14,35,0.013149265802432968),(2938,40,35,0.054046931973793046),(2947,8,64,0.18705777093009018),(2948,7,64,0.18705777093009018),(2949,64,64,0.18705777093009018),(2950,51,64,0.052704970023263874),(2951,16,64,0.0006424947971102214),(2952,17,64,0.2130411827249363),(2953,61,64,0.17243803966441906),(3044,12,21,0.9963778733779555),(3063,87,1,1),(3090,55,37,0.46301682401139377),(3091,6,38,0.38995328346815944),(3092,72,39,0.4719325337374062),(3093,54,40,0.6408450264815473),(3118,46,41,0.5337551275811723),(3119,41,42,0.6464451099521727),(3120,53,43,0.24943450544931114),(3143,13,44,0.3914191655223428),(3144,63,45,0.5390205371248025),(3166,12,54,0.4034740540076128),(3167,5,47,0.4522969962740613),(3199,5,48,0.3846412816895216),(3200,8,49,0.5934714526620092),(3201,7,11,0.4097808458435564),(3208,6,10,0.13496556926779568),(3209,46,10,0.49208119321044813),(3210,16,10,0.00036167967700967944),(3211,20,10,0.00024358019063917187),(3220,9,20,0.1426629121037876),(3221,11,20,0.14079154434987556),(3222,46,20,0.18165473176520264),(3223,33,20,0.0026776731194864747),(3224,52,20,0.16124567091115274),(3243,23,37,0.00020622520221423205),(3244,52,56,0.6824867406637869),(3245,26,56,0.20495926513204657),(3246,40,56,0.08548854502706546),(3247,33,56,0.009841981518945815),(3248,44,56,0.0032806605063152717),(3249,24,56,0.013942807151839903),(3250,54,2,0.0899917105343083),(3251,26,2,0.08189245658622056),(3252,61,2,0.20217042118572318),(3253,87,2,0.09097668953357543),(3254,11,2,0.12926852090981494),(3255,47,2,0.17802707953526206),(3256,60,2,0.0004702602100931452),(3291,93,37,0.15714360408724481),(3292,46,37,0.1696631141471065),(3293,11,37,0.14739674979311956),(3296,55,10,0.3723479776541074),(3304,55,37,0.06257348275892119),(3315,41,62,0.2455587002694718),(3316,5,62,0.13871631323281736),(3317,43,62,0.25699508964933293),(3318,24,62,0.014780993821141316),(3319,4,62,0.030704177372039874),(3320,22,62,0.006754919021848773),(3321,14,62,0.018903400153340074),(3322,40,62,0.05827345025445777),(3323,55,62,0.22931295622555),(3342,4,39,0.01336022537815713),(3343,22,39,0.0029392495831945696),(3344,10,39,0.038792495927533664),(3345,55,39,0.0845187711752307),(3346,35,39,0.3241294874570097),(3347,51,39,0.06233259374173264),(3348,16,39,0.0007479911249007917),(3349,32,39,0.0002493303749669306),(3350,49,39,0.0009973214998677223),(3384,93,25,0.32492518170158186),(3385,11,25,0.3420265070542967),(3386,17,25,0.20578594841100187),(3387,40,25,0.05415419695026365),(3388,20,25,0.005415419695026365),(3389,69,25,0.06769274618782956),(3390,7,11,0.40795109577078226),(3391,7,51,0.6618093503339405),(3597,52,17,0.0810371652730207),(3598,43,17,0.030371680340825477),(3599,85,17,0.011396282782432467),(3600,24,17,0.0004859468854532076),(3601,20,17,0.00013598229607142314),(3602,91,17,0.000004831858236040416),(3603,16,17,0.000004831858236040416),(3604,92,17,0.0003403008729097036),(3797,61,60,0.5363333826017074),(3798,17,60,0.1579745599663211),(3799,49,60,0.0016587328796463714),(3800,48,60,0.0016587328796463714),(3801,14,60,0.0016587328796463714),(3802,87,60,0.03949363999158027),(3803,5,60,0.06770338284270903),(3804,22,60,0.03554427599242224),(3805,71,60,0.07898727998316055),(3806,71,60,0.07898727998316055),(4815,52,48,0.20311343106509555),(4816,63,48,0.1860858447626915),(4817,55,48,0.1588032569989964),(4818,17,48,0.05669081899677605),(4819,49,48,0.0011468136007439524),(4820,16,48,0.0014144034409175413),(4821,60,48,0.0023700814415375015),(4822,76,48,0.0023700814415375015),(4823,32,48,0.0009939051206447587),(4824,89,48,0.0023700814415375015),(4825,4,5,1),(4853,17,46,0.20548687143458053),(4854,61,46,0.1745369969715943),(4855,38,46,0.3083754724930957),(4856,55,46,0.30011012522107666),(4857,16,46,0.0004845405852865703),(4858,23,46,0.0002768803344494687),(4859,32,46,0.00041532050167420305),(4860,24,46,0.009552371538506669),(4861,49,46,0.0007614209197360389);
/*!40000 ALTER TABLE `ingredient_meal` ENABLE KEYS */;
UNLOCK TABLES;

--
-- Table structure for table `ingredients`
--

DROP TABLE IF EXISTS `ingredients`;
/*!40101 SET @saved_cs_client     = @@character_set_client */;
/*!40101 SET character_set_client = utf8 */;
CREATE TABLE `ingredients` (
  `id` int(10) unsigned NOT NULL AUTO_INCREMENT,
  `name` varchar(255) COLLATE utf8mb4_unicode_ci NOT NULL,
  PRIMARY KEY (`id`)
) ENGINE=InnoDB AUTO_INCREMENT=1355 DEFAULT CHARSET=utf8mb4 COLLATE=utf8mb4_unicode_ci;
/*!40101 SET character_set_client = @saved_cs_client */;

--
-- Dumping data for table `ingredients`
--

LOCK TABLES `ingredients` WRITE;
/*!40000 ALTER TABLE `ingredients` DISABLE KEYS */;
INSERT INTO `ingredients` VALUES (1,'Amaranth'),(2,'Apple'),(3,'Avocado'),(4,'Banana'),(5,'Beets'),(6,'Black Beans'),(7,'Blackberries'),(8,'Blueberries'),(9,'Broccoli'),(10,'Buckwheat Meal'),(11,'Carrots'),(12,'Cauliflower'),(13,'Chard'),(14,'Chia Seeds'),(15,'Chickpeas'),(16,'Cinnamon'),(17,'Coconut Milk'),(18,'Corn'),(19,'Cranberry'),(20,'Cumin'),(21,'Curry Powder'),(22,'Dates'),(23,'Ginger Powder'),(24,'Flax'),(25,'Kabocha Squash'),(26,'Kale'),(27,'Kidney Beans'),(28,'Kiwi'),(29,'Lemon Juice'),(30,'Mango'),(31,'Millet'),(32,'Nutmeg'),(33,'Nutritional Yeast'),(34,'Papaya'),(35,'Peaches'),(36,'Pear'),(37,'Pineapple'),(38,'Pumpkin'),(39,'Pumpkin Seeds'),(40,'Quinoa'),(41,'Raspberries'),(42,'Red Bell Pepper'),(43,'Spinach'),(44,'Spirulina'),(45,'Split Pea'),(46,'Sweet Potato'),(47,'Tomato'),(48,'Turmeric'),(49,'Vanilla Extract'),(50,'Wheat Germ Oil'),(51,'White Beans'),(52,'Butternut Squash'),(53,'Lentils'),(54,'Zucchini'),(55,'Apple'),(56,'Basil'),(57,'Dragonfruit'),(58,'Mint'),(59,'Oats'),(60,'Oregano, dried'),(61,'Japanese Sweet Potato'),(62,'Basil'),(63,'Purple Sweet Potato'),(64,'Strawberry'),(65,'Polenta'),(66,'Mushrooms'),(67,'Tomato Paste'),(68,'Parsley'),(69,'Onion'),(70,'Garlic'),(71,'Water'),(72,'Apricot'),(73,'Cilantro'),(74,'Ground Flax'),(75,'Sunflower Oil'),(76,'Thyme'),(77,'Gluten-Free Oats'),(78,'Gluten-Free Oat flour'),(79,'Tomato Powder'),(80,'Green Banana Flour'),(81,'Sorghum Flour'),(82,'Beet Powder'),(83,'Coconut Oil'),(84,'Sorghum Grain'),(85,'Chickpea Flour'),(86,'Potato Flour'),(87,'Adzuki Beans'),(88,'Ras El Hanout Spice'),(89,'Rosemary'),(90,'Celery'),(91,'Clove Ground'),(92,'Coriander, ground'),(93,'Green Peas'),(1031,'Banana Milk'),(1033,'Bell Pepper'),(1034,'Bell Peppers'),(1040,'Cabbage'),(1048,'Coconut Yogurt'),(1049,'Coriander'),(1055,'Dried Apricots'),(1056,'Eggplant'),(1057,'Flax'),(1070,'Parsnip'),(1073,'Peas'),(1074,'Persimmon'),(1076,'Pomegranate'),(1086,'Squash'),(1088,'Sweet Corn'),(1093,'Veg Broth'),(1094,'Vegetable Stock'),(1100,'Ben Test'),(1101,'ZZZ Delete me'),(1102,'Test Suppliers (2)'),(1104,'Acai'),(1201,'Arrowroot Powder'),(1261,'Pumpkin Seeds'),(1309,'Peaches'),(1310,'Strawberry'),(1311,'Cranberry'),(1314,'Shallot'),(1317,'Olive Oil'),(1325,'High Oleic Sunflower Oil'),(1326,'Cauliflower Powder'),(1339,'Red Onion'),(1342,'Cardamom'),(1343,'Paprika'),(1344,'Clove, ground'),(1345,'Lemon Juice'),(1347,'Tarragon, dried'),(1348,'Prune'),(1352,'Onion powder'),(1354,'Bay Leaf');
/*!40000 ALTER TABLE `ingredients` ENABLE KEYS */;
UNLOCK TABLES;

--
-- Table structure for table `meals`
--

DROP TABLE IF EXISTS `meals`;
/*!40101 SET @saved_cs_client     = @@character_set_client */;
/*!40101 SET character_set_client = utf8 */;
CREATE TABLE `meals` (
  `id` int(10) unsigned NOT NULL AUTO_INCREMENT,
  `name` varchar(255) COLLATE utf8mb4_unicode_ci DEFAULT NULL,
  `stage` int(11) DEFAULT NULL,
  PRIMARY KEY (`id`),
  KEY `meal_quarter_index` (`name`)
) ENGINE=InnoDB AUTO_INCREMENT=2149 DEFAULT CHARSET=utf8mb4 COLLATE=utf8mb4_unicode_ci;
/*!40101 SET character_set_client = @saved_cs_client */;

--
-- Dumping data for table `meals`
--

LOCK TABLES `meals` WRITE;
/*!40000 ALTER TABLE `meals` DISABLE KEYS */;
INSERT INTO `meals` VALUES (1,'Adzuki Bean',2),(2,'Adzuki Bean Tomato Combo',6),(3,'Apple',2),(4,'Apple Pie',4),(5,'Banana Bread Bite',7),(6,'Beet',2),(7,'Beet Hummus',5),(8,'Beet Puffs',8),(9,'Bell Pepper Apple Bowl',5),(10,'Black Bean Sweet Potato Combo',6),(11,'Blackberry',1),(12,'Blueberry',1),(13,'Blueberry Chia Pudding',5),(14,'Broccoli',2),(15,'Broccoli Lentil Bite',7),(16,'Butternut Squash',1),(17,'Butternut Squash Bite',7),(18,'Carrot',2),(19,'Carrot Spinach Millet Bite',7),(20,'Carrot Sweet Potato Combo',6),(21,'Cauliflower',2),(22,'Cauliflower Puffs',8),(23,'Cauliflower Soup',4),(24,'Coconut Cream Pie',4),(25,'Coconut Pea Carrot Combo',6),(26,'Cran Squash Bowl',5),(27,'Cubano Bite',7),(28,'Dragon Fruit Chia Pudding',5),(29,'Japanese Sweet Potato',2),(30,'Kabocha Buckwheat Bowl',5),(31,'Kabocha Squash',2),(32,'Kale Pear Quinoa Bowl',5),(33,'Kidney Bean',2),(34,'Mango',2),(35,'Mango Chia Pudding',5),(36,'Minestrone Soup',4),(37,'Pea Carrot Combo',6),(38,'Peach',1),(39,'Peach Crumble Bowl',5),(40,'Peaches & Blackberry Chia Pudding',5),(41,'Pear',2),(42,'Pear Raspberry Chia Pudding',5),(43,'Pizza Bite',7),(44,'Polenta Mushroom Bolognese',5),(45,'Pumpkin',2),(46,'Pumpkin Pie',4),(47,'Raspberry',2),(48,'Root Medley Combo',6),(49,'Southwest Bite',7),(50,'Spiced Pear',4),(51,'Spinach',1),(52,'Spirulina Smash',5),(53,'Split Pea',1),(54,'Split Pea Soup',4),(55,'Squash & Greens Bowl',5),(56,'Squash Quinoa Combo',6),(57,'Strawberry Basil Pie',4),(58,'Sweet Potato',2),(59,'Sweet Potato Carrot Soup',4),(60,'Sweet Potato Cheesecake',4),(61,'Sweet Potato Latke Bite',7),(62,'Sweet Sunshine',5),(63,'Three Bean Soup',4),(64,'Triple Berry Pie',4),(65,'Zucchini',1);
/*!40000 ALTER TABLE `meals` ENABLE KEYS */;
UNLOCK TABLES;

--
-- Dumping routines for database 'yumi-test-fullstack'
--
/*!40103 SET TIME_ZONE=@OLD_TIME_ZONE */;

/*!40101 SET SQL_MODE=@OLD_SQL_MODE */;
/*!40014 SET FOREIGN_KEY_CHECKS=@OLD_FOREIGN_KEY_CHECKS */;
/*!40014 SET UNIQUE_CHECKS=@OLD_UNIQUE_CHECKS */;
/*!40101 SET CHARACTER_SET_CLIENT=@OLD_CHARACTER_SET_CLIENT */;
/*!40101 SET CHARACTER_SET_RESULTS=@OLD_CHARACTER_SET_RESULTS */;
/*!40101 SET COLLATION_CONNECTION=@OLD_COLLATION_CONNECTION */;
/*!40111 SET SQL_NOTES=@OLD_SQL_NOTES */;

-- Dump completed on 2021-04-08 14:56:44
